{
    "$schema": "https://schema.management.azure.com/schemas/2019-04-01/deploymentTemplate.json#",
    "contentVersion": "1.0.0.0",
    "parameters": {
        "namespaces_streaming_eventhub_namespace_name": {
            "defaultValue": "streaming-eventhub-namespace",
            "type": "String"
        }
    },
    "variables": {},
    "resources": [
        {
            "type": "Microsoft.EventHub/namespaces",
            "apiVersion": "2022-10-01-preview",
            "name": "[parameters('namespaces_streaming_eventhub_namespace_name')]",
            "location": "East US",
            "tags": {
                "author": "Ravi Karri",
                "purpose": "streaming",
                "category": "PoC"
            },
            "sku": {
                "name": "Standard",
                "tier": "Standard",
                "capacity": 1
            },
            "properties": {
                "minimumTlsVersion": "1.2",
                "publicNetworkAccess": "Enabled",
                "disableLocalAuth": false,
                "zoneRedundant": true,
                "isAutoInflateEnabled": false,
                "maximumThroughputUnits": 0,
                "kafkaEnabled": true
            }
        },
        {
            "type": "Microsoft.EventHub/namespaces/authorizationrules",
            "apiVersion": "2022-10-01-preview",
            "name": "[concat(parameters('namespaces_streaming_eventhub_namespace_name'), '/Listen')]",
            "location": "eastus",
            "dependsOn": [
                "[resourceId('Microsoft.EventHub/namespaces', parameters('namespaces_streaming_eventhub_namespace_name'))]"
            ],
            "properties": {
                "rights": [
                    "Listen"
                ]
            }
        },
        {
            "type": "Microsoft.EventHub/namespaces/authorizationrules",
            "apiVersion": "2022-10-01-preview",
            "name": "[concat(parameters('namespaces_streaming_eventhub_namespace_name'), '/RootManageSharedAccessKey')]",
            "location": "eastus",
            "dependsOn": [
                "[resourceId('Microsoft.EventHub/namespaces', parameters('namespaces_streaming_eventhub_namespace_name'))]"
            ],
            "properties": {
                "rights": [
                    "Listen",
                    "Manage",
                    "Send"
                ]
            }
        },
        {
            "type": "Microsoft.EventHub/namespaces/authorizationrules",
            "apiVersion": "2022-10-01-preview",
            "name": "[concat(parameters('namespaces_streaming_eventhub_namespace_name'), '/Send')]",
            "location": "eastus",
            "dependsOn": [
                "[resourceId('Microsoft.EventHub/namespaces', parameters('namespaces_streaming_eventhub_namespace_name'))]"
            ],
            "properties": {
                "rights": [
                    "Send"
                ]
            }
        },
        {
            "type": "Microsoft.EventHub/namespaces/eventhubs",
            "apiVersion": "2022-10-01-preview",
            "name": "[concat(parameters('namespaces_streaming_eventhub_namespace_name'), '/streaming-covid-eventhub')]",
            "location": "eastus",
            "dependsOn": [
                "[resourceId('Microsoft.EventHub/namespaces', parameters('namespaces_streaming_eventhub_namespace_name'))]"
            ],
            "properties": {
                "retentionDescription": {
                    "cleanupPolicy": "Delete",
                    "retentionTimeInHours": 168
                },
                "messageRetentionInDays": 7,
                "partitionCount": 4,
                "status": "Active"
            }
        },
        {
            "type": "Microsoft.EventHub/namespaces/eventhubs",
            "apiVersion": "2022-10-01-preview",
            "name": "[concat(parameters('namespaces_streaming_eventhub_namespace_name'), '/streaming-eventhub')]",
            "location": "eastus",
            "dependsOn": [
                "[resourceId('Microsoft.EventHub/namespaces', parameters('namespaces_streaming_eventhub_namespace_name'))]"
            ],
            "properties": {
                "retentionDescription": {
                    "cleanupPolicy": "Delete",
                    "retentionTimeInHours": 1
                },
                "messageRetentionInDays": 1,
                "partitionCount": 1,
                "status": "Active"
            }
        },
        {
            "type": "Microsoft.EventHub/namespaces/eventhubs",
            "apiVersion": "2022-10-01-preview",
            "name": "[concat(parameters('namespaces_streaming_eventhub_namespace_name'), '/streaming-flu-eventhub')]",
            "location": "eastus",
            "dependsOn": [
                "[resourceId('Microsoft.EventHub/namespaces', parameters('namespaces_streaming_eventhub_namespace_name'))]"
            ],
            "properties": {
                "retentionDescription": {
                    "cleanupPolicy": "Delete",
                    "retentionTimeInHours": 168
                },
                "messageRetentionInDays": 7,
                "partitionCount": 4,
                "status": "Active"
            }
        },
        {
            "type": "Microsoft.EventHub/namespaces/networkrulesets",
            "apiVersion": "2022-10-01-preview",
            "name": "[concat(parameters('namespaces_streaming_eventhub_namespace_name'), '/default')]",
            "location": "eastus",
            "dependsOn": [
                "[resourceId('Microsoft.EventHub/namespaces', parameters('namespaces_streaming_eventhub_namespace_name'))]"
            ],
            "properties": {
                "publicNetworkAccess": "Enabled",
                "defaultAction": "Allow",
                "virtualNetworkRules": [],
                "ipRules": [],
                "trustedServiceAccessEnabled": false
            }
        },
        {
            "type": "Microsoft.EventHub/namespaces/eventhubs/authorizationrules",
            "apiVersion": "2022-10-01-preview",
            "name": "[concat(parameters('namespaces_streaming_eventhub_namespace_name'), '/streaming-eventhub/manage')]",
            "location": "eastus",
            "dependsOn": [
                "[resourceId('Microsoft.EventHub/namespaces/eventhubs', parameters('namespaces_streaming_eventhub_namespace_name'), 'streaming-eventhub')]",
                "[resourceId('Microsoft.EventHub/namespaces', parameters('namespaces_streaming_eventhub_namespace_name'))]"
            ],
            "properties": {
                "rights": [
                    "Manage",
                    "Listen",
                    "Send"
                ]
            }
        },
        {
            "type": "Microsoft.EventHub/namespaces/eventhubs/authorizationrules",
            "apiVersion": "2022-10-01-preview",
            "name": "[concat(parameters('namespaces_streaming_eventhub_namespace_name'), '/streaming-covid-eventhub/PreviewDataPolicy')]",
            "location": "eastus",
            "dependsOn": [
                "[resourceId('Microsoft.EventHub/namespaces/eventhubs', parameters('namespaces_streaming_eventhub_namespace_name'), 'streaming-covid-eventhub')]",
                "[resourceId('Microsoft.EventHub/namespaces', parameters('namespaces_streaming_eventhub_namespace_name'))]"
            ],
            "properties": {
                "rights": [
                    "Listen"
                ]
            }
        },
        {
            "type": "Microsoft.EventHub/namespaces/eventhubs/authorizationrules",
            "apiVersion": "2022-10-01-preview",
            "name": "[concat(parameters('namespaces_streaming_eventhub_namespace_name'), '/streaming-flu-eventhub/streaming-flu-analyticsjob_policy')]",
            "location": "eastus",
            "dependsOn": [
                "[resourceId('Microsoft.EventHub/namespaces/eventhubs', parameters('namespaces_streaming_eventhub_namespace_name'), 'streaming-flu-eventhub')]",
                "[resourceId('Microsoft.EventHub/namespaces', parameters('namespaces_streaming_eventhub_namespace_name'))]"
            ],
            "properties": {
                "rights": [
                    "Listen"
                ]
            }
        },
        {
            "type": "Microsoft.EventHub/namespaces/eventhubs/authorizationrules",
            "apiVersion": "2022-10-01-preview",
            "name": "[concat(parameters('namespaces_streaming_eventhub_namespace_name'), '/streaming-covid-eventhub/streaming-output-blob_policy')]",
            "location": "eastus",
            "dependsOn": [
                "[resourceId('Microsoft.EventHub/namespaces/eventhubs', parameters('namespaces_streaming_eventhub_namespace_name'), 'streaming-covid-eventhub')]",
                "[resourceId('Microsoft.EventHub/namespaces', parameters('namespaces_streaming_eventhub_namespace_name'))]"
            ],
            "properties": {
                "rights": [
                    "Listen"
                ]
            }
        },
        {
            "type": "Microsoft.EventHub/namespaces/eventhubs/consumergroups",
            "apiVersion": "2022-10-01-preview",
            "name": "[concat(parameters('namespaces_streaming_eventhub_namespace_name'), '/streaming-covid-eventhub/$Default')]",
            "location": "eastus",
            "dependsOn": [
                "[resourceId('Microsoft.EventHub/namespaces/eventhubs', parameters('namespaces_streaming_eventhub_namespace_name'), 'streaming-covid-eventhub')]",
                "[resourceId('Microsoft.EventHub/namespaces', parameters('namespaces_streaming_eventhub_namespace_name'))]"
            ],
            "properties": {}
        },
        {
            "type": "Microsoft.EventHub/namespaces/eventhubs/consumergroups",
            "apiVersion": "2022-10-01-preview",
            "name": "[concat(parameters('namespaces_streaming_eventhub_namespace_name'), '/streaming-eventhub/$Default')]",
            "location": "eastus",
            "dependsOn": [
                "[resourceId('Microsoft.EventHub/namespaces/eventhubs', parameters('namespaces_streaming_eventhub_namespace_name'), 'streaming-eventhub')]",
                "[resourceId('Microsoft.EventHub/namespaces', parameters('namespaces_streaming_eventhub_namespace_name'))]"
            ],
            "properties": {}
        },
        {
            "type": "Microsoft.EventHub/namespaces/eventhubs/consumergroups",
            "apiVersion": "2022-10-01-preview",
            "name": "[concat(parameters('namespaces_streaming_eventhub_namespace_name'), '/streaming-flu-eventhub/$Default')]",
            "location": "eastus",
            "dependsOn": [
                "[resourceId('Microsoft.EventHub/namespaces/eventhubs', parameters('namespaces_streaming_eventhub_namespace_name'), 'streaming-flu-eventhub')]",
                "[resourceId('Microsoft.EventHub/namespaces', parameters('namespaces_streaming_eventhub_namespace_name'))]"
            ],
            "properties": {}
        },
        {
            "type": "Microsoft.EventHub/namespaces/eventhubs/consumergroups",
            "apiVersion": "2022-10-01-preview",
            "name": "[concat(parameters('namespaces_streaming_eventhub_namespace_name'), '/streaming-covid-eventhub/preview_data_consumer_group')]",
            "location": "eastus",
            "dependsOn": [
                "[resourceId('Microsoft.EventHub/namespaces/eventhubs', parameters('namespaces_streaming_eventhub_namespace_name'), 'streaming-covid-eventhub')]",
                "[resourceId('Microsoft.EventHub/namespaces', parameters('namespaces_streaming_eventhub_namespace_name'))]"
            ],
            "properties": {}
        }
    ]
}